in.form	in.admin	in.specs	style	category_color	category	category_en	category_ru	group_ru	group_en	code	admin	title_en	short_en	title_ru	units_en	units_ru	scale	description_ru	example_ru	Qyestion	comment_ru	description_en
				#efefef	general	General	Основное			drbmx1r	type	Type	Type	Тип				Основная категория к которой относится устройство	Сматрфон, Умные часы, Фитнес браслет			
1	1			#efefef	general	General	Основное			w81a9u0	brand	Brand	Brand	Бренд				Главный разработчик устройства, под брендом, которого выпускается товар	Samsung, Apple, Xiaomi			
1	1			#efefef	general	General	Основное			33fksng	model	Model	Model	Модель					iPhone X, Mi Band 2			
				#efefef	general	General	Основное			3n68sce	price	Minimum price	Price	Минимальная цена								
1	1			#efefef	general	General	Основное			zgxvylx	announced	Announced date		Анонсирование				Дата представления товара компанией производителем				
1	1			#efefef	general	General	Основное			2lbcv9f	release	Release date		Выпуск				Дата когда товар поступил в продажу				
1	1			#efefef	general	General	Основное			qsmxy90	manufacturer	Manufacturer		Производитель				Организация, которая непосредственно производит устройство				
1	1			#efefef	general	General	Основное			1dan76c	made.in	Country of production		Страна производства				Страна, в которой происходит непосредственно производство товара				
1	1			#efefef	general	General	Основное			vh0iqm2	website	Official website		Официальный сайт				Официальный сайт разработчика	mi.com, huawei.com, fitbit.com		Адрес указывается без http и www	
1	1			#efefef	general	General	Основное			y1kpha1c	versions	Versions		Версии								
1	1			#efefef	general	General	Основное			ywkpha1b	alt. name	Alternative name		Альтернативное название								
1	1			#efefef	general	General	Основное			ywkph11b	compatible brand	Compatible brand		Совместимый бренд								
1	1			#efefef	general	General	Основное			ywkph12b	compatible devices	Compatible device		Совместимые устройства								
1	1			#efefef	general	General	Основное			34fksng	series	Series	Model	Серия					iPhone X, Mi Band 2			
1	1			#efefef	general	General	Основное			35fksng	hits gsmarena	Hits: GSMarena	Model	Кол-во просмотров: GSMarena					iPhone X, Mi Band 2			
				#efefef	statistics	Statistics	Статистика			q4x1lci	reviews	Total reviews		Всего отзывов								
		1	rating	#f4cccc	indicator	Indicator	Показатель			mnfrlet	motivat.	Motivation	Motiv.	Мотивация			0-10					
		1	rating	#f4cccc	indicator	Indicator	Показатель			bkaqn4m	u.rating	User rating	U.Rating	Отзывы			0-10					
		1	rating	#f4cccc	indicator	Indicator	Показатель			uw8mqnl	funct.	Functionality	Functi	Функциональность			0-10					
		1	rating	#f4cccc	indicator	Indicator	Показатель			0x0vrnr	comfort	Comfortable	Comfort	Комфорт			0-10					
		1	rating	#f4cccc	indicator	Indicator	Показатель			xct0067	g.rating	General rating	G.Rating	Общий рейтинг			0-10					
		1	rating	#f4cccc	indicator	Indicator	Показатель			4iups22	value	Value for money	Value	Выгодность			0-10					
		1	rating	#f4cccc	indicator	Indicator	Показатель			50wydm5	general	Sesors accuracy	A.Gen.	Точность сенсоров			0-10					
		1	rating	#f4cdb1	sensor	Sensors	Сенсоры			ctwc1qc	puls	Pulsometer	A.Puls.	Пульсометр			0-10					
		1	rating	#f4cdb1	sensor	Sensors	Сенсоры			h1ddzrt	pedom.	Accelerometer	A.Pedom.	Шагомер			0-10					
		1	rating	#f4cdb1	sensor	Sensors	Сенсоры			e61kgyj	sleep	Sleep analysis	A.Sleep	Анализ сна			0-10					
		1	rating	#f4cdb1	sensor	Sensors	Сенсоры			x399jxz	barometer	Barometr		Барометр								
		1	rating	#d0e0e3	sensor	Sensors	Сенсоры			fpfb4xc	altimeter	Altimeter		Высотомер								
		1	rating	#f4cdb1	sensor	Sensors	Сенсоры			h88pkmdy	light	Light sensor		Датчик освещённости								
		1	rating	#f4cdb1	sensor	Sensors	Сенсоры			k626aelh	thermometer	Thermometer		Термометр								
		1	rating	#f4cdb1	sensor	Sensors	Сенсоры			ywtcejg	gyrosсope	Gyrosсope		Гироскоп								
		1	rating	#f4cdb1	sensor	Sensors	Сенсоры			ywtcej1	uv sensor	UV sensor		УФ дачик								
		1	rating	#f4cdb1	sensor	Sensors	Сенсоры			h88pkmd1	proxim.sensor	Proximity sensor		Датчик приближения								
1	1	1		#f4efd3	navigation	Navigation	Навигация			7ri9whh	outGPS	Connected GPS	Connected GPS	Подключенный GPS								
1	1	1		#f4efd3	navigation	Navigation	Навигация			yfvshn2	inGPS	GPS	Build in GPS	GPS								
1	1	1		#f4efd3	navigation	Navigation	Навигация			39ji8mm	glonass	GLONASS		ГЛОНАСС								
1	1	1		#f4efd3	navigation	Navigation	Навигация			x0xgsbn	compass	Compass		Компас								
1	1	1		#f4efd3	navigation	Navigation	Навигация			x0xgsbz	navigator	Navigator		Навигатор								
1	1	1		#f4efd3	navigation	Navigation	Навигация			x0xgsbl	gps time sync.	GPS time synchronization		Синхронизация времени по GPS								
1	1	1		#f4efd3	navigation	Navigation	Навигация			x1xgsbl	a-gps	A-GPS		A-GPS								
1	1	1		#f4efd3	navigation	Navigation	Навигация			x1xgsb1	bds	BDS		BDS								
1	1	1		#fbffe2	design	Design	Дизайн	Корпус		rt0qxrl	material.sensor	Material sensor		Материал датчика								
1	1	1		#fbffe2	design	Design	Дизайн	Корпус		3bjbzrk	material.strap	Material strap		Материал ремешка								
1	1	1		#fbffe2	design	Design	Дизайн	Корпус		3bjbzry	material.cover	Material cover		Материал задней части								
1	1	1		#fbffe2	design	Design	Дизайн	Корпус		3bjbzra	material.frame	Material frame		Материал рамки								
1	1	1		#fbffe2	design	Design	Дизайн	Корпус		ly7hk3b	dimensions	Dimensions		Габариты	mm.	мм.		(ШхВхТ)				(WxHxD)
1	1	1		#fbffe2	design	Design	Дизайн	Корпус		65ihv16	width	Item width	Width	Ширина товара	mm.	мм.						
1	1	1		#fbffe2	design	Design	Дизайн	Корпус		qorav98	height	Item height	Height	Высота товара	mm.	мм.						
1	1	1		#fbffe2	design	Design	Дизайн	Корпус		vbryix7	depth	Item depth	Depth	Глубина товара	mm.	мм.						
1	1	1		#fbffe2	design	Design	Дизайн	Корпус		uanzwi8	weight	Item weight	Weight	Вес предмета	gram	грам						
1	1	1		#fbffe2	design	Design	Дизайн	Корпус		ywkph16b	weight body	Body weight	Weight	Вес корпуса	gram	грам						
1	1	1		#fbffe2	design	Design	Дизайн			ywkphzzz	thinnest point	Thinnest point	Weight	Толщина (в самой тонкой точке)	mm.	мм.						
1	1	1		#fbffe2	design	Design	Дизайн			cc1cqt0	re.strap	Replaceable straps		Сменные ремешки								
1	1	1		#fbffe2	design	Design	Дизайн			yln26cd	strap.size	Strap dimensions		Размеры ремешка								
1	1	1		#fbffe2	design	Design	Дизайн			s8j8g7h	buttons	Buttons		Кнопки								
1	1	1		#fbffe2	design	Design	Дизайн			ywkph17b	weight cord	Cord weight	Weight	Вес браслета	gram	грам						
1	1	1		#fbffe2	design	Design	Дизайн			zwkph17b	body material	Body material	Weight	Материал корпуса								
1	1			#fbffe2	design	Design	Дизайн			ywkph10b	colors	Colors		Доступные цвета								
1	1			#fbffe2	design	Design	Дизайн	Корпус		ywkph19b	body color	Body color		Цвета корпуса								
1	1			#fbffe2	design	Design	Дизайн	Корпус		ywkph20b	cord color	Cord color		Цвета ремешка								
1	1	1		#e8ecd1	package	Package	Упаковка			r393dad	weight	Package weight	P.weight	Вес упаковки	gram	грам						
1	1	1		#e8ecd1	package	Package	Упаковка			i9scmdd	width	Package width	P.width	Ширина упаковки	mm.	мм.						
1	1	1		#e8ecd1	package	Package	Упаковка			r1qovw5	height	Package height	P.height	Высота упаковки	mm.	мм.						
1	1	1		#e8ecd1	package	Package	Упаковка			vw1xwnp	depth	Package depth	depth	Глубина упаковки	mm.	мм.						
1	1	1		#d9d2e9	display	Display	Дисплей			xxyv5nx	type	Display type	Size	Тип дисплея								
1	1	1		#d9d2e9	display	Display	Дисплей			1n820fz	size	Display size		Размер дисплея	inches	дюймов						
1	1	1		#d9d2e9	display	Display	Дисплей			aakph19b	second front display	Second front display		Второй фронтальный дисплей								
1	1	1		#d9d2e9	display	Display	Дисплей			aakph191	display availability	Display availability		Наличие дисплея								
1	1	1		#d9d2e9	display	Display	Дисплей			aakph19z	second front display size	Second front display size		Размер второго фронтального дисплея								
1	1	1		#d9d2e9	display	Display	Дисплей			aakph22z	second front display res.	Second front display resolution		Разрешение второго фронтального дисплея								
1	1	1		#d9d2e9	display	Display	Дисплей			aakph23z	always-on display sec. front disp.	Always-on display second front display		Always-on display второго фронтального дисплея								
1	1	1		#d9d2e9	display	Display	Дисплей			ywkph18b	screen shape	Screen shape		Форма экрана								
1	1	1		#d9d2e9	display	Display	Дисплей			ywkph18a	dci-p3	DCI-P3		DCI-P3								
1	1	1		#d9d2e9	display	Display	Дисплей			zq2ektp	ratio	Screen-to-body ratio		Screen-to-body ratio	%	%						
1	1	1		#d9d2e9	display	Display	Дисплей			pcao0re	touchscreen	Touchscreen		Сенсорный экран								
1	1	1		#d9d2e9	display	Display	Дисплей			yq2jcrla	touch type	Touch type		Тип сенсорного дисплея								
1	1	1		#d9d2e9	display	Display	Дисплей			yq2jcrl1	igzo display	IGZO display		IGZO матрица								
1	1	1		#d9d2e9	display	Display	Дисплей			alrhep0	multitouch	Multitouch		Мультитач								
1	1	1		#d9d2e9	display	Display	Дисплей			efre410	slides	Support slides		Распознавание слайдов								
1	1	1		#d9d2e9	display	Display	Дисплей			bhmg3f1	light	Display backlight		Подсветка дисплея								
1	1	1		#d9d2e9	display	Display	Дисплей			8vzzca7	colors	Display colors		Цвета дисплея	colors	цветов						
1	1	1		#d9d2e9	display	Display	Дисплей			djrp53w	const.	Constantly working screen		Постоянно работающий экран								
				#d9d2e9	display	Display	Дисплей			3vzdcz1	resolution	Resolution		Разрешение	px	px						
1	1	1		#d9d2e9	display	Display	Дисплей			nggks18	width	Display width		Ширина дисплея	px	px						
1	1	1		#d9d2e9	display	Display	Дисплей			j2p7bju	height	Display height		Высота дисплея	px	px						
1	1	1		#d9d2e9	display	Display	Дисплей			7x8x76o	ppi	Pixel density	PPI	Плотность пикселей	ppi	ppi						
1	1	1		#d9d2e9	display	Display	Дисплей			4p3xh0r	a.adjusted	Auto adjust brightness		Автоматическая настройка яркости								
1	1	1		#d9d2e9	display	Display	Дисплей			um01wxa	m.adjusted	Manually adjust brightness		Ручная настройка яркости								
1	1	1		#d9d2e9	display	Display	Дисплей			59e6c9r	protection	Protection		Защита								
1	1	1		#d9d2e9	display	Display	Дисплей			y22jcrla	contrast ratio nominal	Contrast ratio nominal		Коэффициент контрастности: номинальный								
1	1	1		#d9d2e9	display	Display	Дисплей			y23jcrla	contrast ratio sunlight	Contrast ratio sunlight		Коэфф.контрастности: солнечный свет								
1	1	1		#d9d2e9	display	Display	Дисплей			y23jcrlz	wide colour gamut	Wide colour gamut		Широкая цветовая гамма								
1	1	1		#d9d2e9	display	Display	Дисплей			y20jcrlz	120hz	120Hz		120Hz								
1	1	1		#ead1dc	protection	Protection	Защита			cxeplx1	water	Water Resistant	IP	Водонепроницаемость								
1	1	1		#ead1dc	protection	Protection	Защита			cxeplx4	water prop	Water resistant properties	IP	Особенности защиты от воды								
1	1	1		#ead1dc	protection	Protection	Защита			cxeplx2	dust resist	Dust resistant	IP	Защита от пыли								
1	1	1		#ead1dc	protection	Protection	Защита			cxeplx3	dust prop	Dust resistant properties	IP	Особенности защиты от пыли								
1	1	1		#ead1dc	protection	Protection	Защита			fjl10v4	t.min	Temperature minimum	t.min	Минимальная температура	°C	°C						
1	1	1		#ead1dc	protection	Protection	Защита			1qwpm99	t.max	Temperature max	t.max	Максимальная температура	°C	°C						
1	1	1		#ead1dc	protection	Protection	Защита			5zj3yam0	miltary.g.d	Military-grade durability		Долговечность военного класса								
1	1	1		#d9d2e9	battery	Power	Питание	Батарея	Battery	63r9r99	type	Type	Battery type	Тип								
1	1	1		#d9d2e9	battery	Power	Питание	Батарея	Battery	wbswcml	capacity	Capacity		Емкость	mAh	мА-ч						
1	1	1		#d9d2e9	battery	Power	Питание	Батарея	Battery	c220c9j	replace.	Replaceable battery		Сменный аккумулятор								
1	1	1		#d9d2e9	battery	Power	Питание	Батарея	Battery	qwkph25b	battery endurance rating	Endurance rating	Battery type	Оценка выносливости	hours	часы						
1	1	1		#d9d2e9	battery	Power	Питание	Автономность	Battery life	qldrwtm	waiting	Battery life - waiting	Battery life - Waiting	Срок службы батареи - ожидание	hours	часы						
1	1	1		#d9d2e9	battery	Power	Питание	Автономность	Battery life	gsqav1h	active	Battery life - tested	Battery life - Waiting	Срок службы батареи - тестированно	hours	часы						
1	1	1		#d9d2e9	battery	Power	Питание	Автономность	Battery life	zuqqmwi3	talk.time	Talk time		Время разговора	hours	часы						
1	1	1		#d9d2e9	battery	Power	Питание	Автономность	Battery life	6ojsm29w	music.time	Music time		Прослушивание музыки	hours	часы						
1	1	1		#d9d2e9	battery	Power	Питание	Автономность	Battery life	6ojsm29z	video.time	Video time		Просмотр видео	hours	часы						
1	1	1		#d9d2e9	battery	Power	Питание	Автономность	Battery life	6ojsm290	net usage 3g	Internet usage: 3g		Использование интернета 3g	hours	часы						
1	1	1		#d9d2e9	battery	Power	Питание	Автономность	Battery life	6ojsm291	standby 3g	Standby 3g		Standby 3g	hours	часы						
1	1	1		#d9d2e9	battery	Power	Питание	Автономность	Battery life	6ojsm292	talk time 4g	Talk time 4g		Время разговора в сети 4g	hours	часы						
1	1	1		#d9d2e9	battery	Power	Питание	Автономность	Battery life	6ojsm293	standby 4g	Standby 4g		Режим ожидания в сети 4g	hours	часы						
1	1	1		#d9d2e9	battery	Power	Питание	Автономность	Battery life	6ojs1290	net usage 4g	Internet usage: 4g		Использование интернета 4g	hours	часы						
1	1	1		#d9d2e9	battery	Power	Питание	Автономность	Battery life	ywkph14b	average battery life	Average battery life	Battery type	Средний срок службы	hours	часы						
1	1	1		#d9d2e9	battery	Power	Питание	Автономность	Battery life	ywkph15b	low battery life	Low battery life	Battery type	Срок службы при низкой активности	hours	часы						
1	1	1		#d9d2e9	battery	Power	Питание	Автономность	Battery life	qwkph15b	wifi usage time	Wifi usage time	Battery type	Время работы в сети wifi	hours	часы						
1	1	1		#c6bfd5	charger	Power	Питание	Зарядка	Charger	le00i0c	charge	Charging time		Время зарядки	hours	часов						
1	1	1		#c6bfd5	charger	Power	Питание	Зарядка	Charger	99rtfuj	magnetic	Magnetic charger		Магнитное зарядное устройство								
1	1	1		#c6bfd5	charger	Power	Питание	Зарядка	Charger	xc2onhy	wireless	Wireless charger		Беспроводная зарядка								
1	1	1		#c6bfd5	charger	Power	Питание	Зарядка	Charger	kvdjylj	in.voltage	Input voltage		Входное напряжение	volt	вольт						
1	1	1		#c6bfd5	charger	Power	Питание	Зарядка	Charger	wfypeww	in.current	Input current		Входной ток	mA	mA						
1	1	1		#c6bfd5	charger	Power	Питание	Зарядка	Charger	27s8wl4	fast charg	Fast charging		Быстрая зарядка								
1	1	1		#c6bfd5	charger	Power	Питание	Зарядка	Charger	27s8wl5	fast charg ver.	Fast charging: version		Быстрая зарядка: версия								
1	1	1		#fce5cd	synchronization	Synchronization	Синхронизация			llulwif	android	Android version	Android	Версия для Android								
1	1	1		#fce5cd	synchronization	Synchronization	Синхронизация			0v8w2sz	iOS	iOS version	iOS	Версия iOS								
1	1	1		#fce5cd	synchronization	Synchronization	Синхронизация			vxq3g1f	bl.berry	Blackberry	Blackberry	Blackberry								
1	1	1		#fce5cd	synchronization	Synchronization	Синхронизация			a5sj3l2	win	Windows	Windows	Windows								
1	1	1		#fce5cd	synchronization	Synchronization	Синхронизация			m7mkat1	mac	Mac OS		Mac OS								
1	1	1		#fce5cd	synchronization	Synchronization	Синхронизация			v3igy2n	web	Web	Desktop	Веб								
1	1	1		#efefef	notifications	Notifications	Уведомления			xdet6dq	light	Light		Светоиндефикация								
1	1	1		#efefef	notifications	Notifications	Уведомления			u8sj5wc	vibro	Vibration		Вибрация								
1	1	1		#efefef	notifications	Notifications	Уведомления			rdxjplx	in.call	Incoming call		Входящий звонок								
1	1	1		#efefef	notifications	Notifications	Уведомления			893edxr	in.message	Incoming message		Входящие сообщения								
1	1	1		#efefef	notifications	Notifications	Уведомления			58ue5nd	call.id	Call ID display		Отображение имени звонящего								
1	1	1		#efefef	notifications	Notifications	Уведомления			h3dd5mg	calendar	Calendar		Календарь								
1	1	1		#efefef	notifications	Notifications	Уведомления			jbsxi9o	apps	Apps		Приложения								
1	1	1		#efefef	notifications	Notifications	Уведомления			h3dd5mz	phase  month	Phases of the month		Фазы луны								
1	1	1		#efefef	watch	Watch	Часы			ih6ss8o	digital	Digital faces		Цифровой циферблат								
1	1	1		#efefef	watch	Watch	Часы			zspoi2q	analog.digit	Analog-digital faces		Аналого-цифровой циферблат								
1	1	1		#efefef	watch	Watch	Часы			7nk80pp	analog	Analog face		Аналоговый циферблат								
1	1	1		#efefef	watch	Watch	Часы			zdsda7a	weather	Display weather		Отображение погоды								
1	1	1		#efefef	system	System	Система	Операционная система	Operating system	ui65qcn	op.system	Operating system		Операционная система								
1	1	1		#efefef	system	System	Система	Операционная система	Operating system	ui71qcn	op.system	Operating system avaliable		Операционная система доступная								
1	1	1		#efefef	system	System	Система	Операционная система	Operating system	ui65qc1	op.system compability	Сompability OS		Совместимые ОС								
1	1	1		#efefef	system	System	Система	Память		ui65qc2	available free memory	Available free memory		Доступная свободная память								
1	1	1		#efefef	system	System	Система	Карта памяти	Memory card	yz90cwl	card	Card slot		Разъем для карты								
1	1	1		#efefef	system	System	Система	Карта памяти	Memory card	yz90cwq	card max	Max capacity		Максимальная емкость								
1	1	1		#efefef	system	System	Система	Карта памяти	Memory card	5exn648	rom	ROM		ROM								
1	1	1		#efefef	system	System	Система	Карта памяти	Memory card	7aadfmc	flash	Flash	Flash	Flash								
1	1	1		#efefef	system	System	Система	Внутреняя память	Internal memory	c8xo6x6	in.memory.capacity	Capacity		Размер								
1	1	1		#efefef	system	System	Система	Внутреняя память	Internal memory	c8xo611	in.memory.format	Format		Формат								
1	1	1		#efefef	system	System	Система	Внутреняя память	Internal memory	a3xo6x6	memory options	Memory options		Параметры памяти								
1	1	1		#efefef	system	System	Система	Оперативная память RAM	RAM	ej4wq1y	ram.size	RAM size		RAM Обьём								
1	1	1		#efefef	system	System	Система	Оперативная память RAM	RAM	z3xo6x6	ram type	RAM type		Тип RAM								
1	1	1		#efefef	system	System	Система	Оперативная память RAM	RAM	v3xo6x6	ram channels	RAM channels		Кол-во каналов RAM								
1	1	1		#efefef	system	System	Система	Оперативная память RAM	RAM	z3xo6x7	ram freq	RAM freq		Частота RAM								
1	1	1		#efefef	system	System	Система	Процессор - CPU	CPU	y5xo6x4	model	Model		Модель								
1	1	1		#efefef	system	System	Система	Процессор - CPU	CPU	y4xo6x6	proc.architect.	CPU architecture		Архитектура процессора								
1	1	1		#efefef	system	System	Система	Процессор - CPU	CPU	y4xo655	proc.bit	CPU bit		Битность процессора								
1	1	1		#efefef	system	System	Система	Процессор - CPU	CPU	y3xo6x6	cpu technology	CPU technology		Технология процессора								
1	1	1		#efefef	system	System	Система	Процессор - CPU	CPU	y5xo6x5	cpu core	CPU cores		Кол-во ядер процессора	Cores	Ядер						
1	1	1		#efefef	system	System	Система	Процессор - CPU	CPU	y5xo6x6	cpu freq	CPU frequency		Частота процессора	GHz	GHz						
1	1	1		#efefef	system	System	Система	Процессор - CPU	CPU	y1xo6x6	gpu freq	GPU frequency		Частота GPU								
1	1	1		#efefef	system	System	Система	Процессор - CPU	CPU	a1xo6x6	user interface	User interface		Графическая оболочка								
1	1	1		#efefef	system	System	Система	Процессор - CPU	CPU	y5xo6x7	auxiliary cpu	Auxiliary cpu		Вспомогательный процессор								
1	1	1		#efefef	system	System	Система	Процессор - CPU	CPU	y5xo6x8	second auxiliary cpu	Second auxiliary cpu		Второй вспомогательный процессор								
1	1	1		#efefef	system	System	Система	GPU Видеокарта	GPU	4kzmswo	gpu	GPU		GPU								
1	1	1		#efefef	system	System	Система			dkg7n4e	chipset	Chipset		Чипсет								
1	1	1		#efefef	system	System	Система			bmpc3f3j	3.apps	Third-Party applications		Установка сторонних приложений								
1	1	1		#efefef	system	System	Система			ia0bsr7	updates	Support updates		Поддерживает обновления								
1	1	1		#efefef	system	System	Система			zs77mmlu	languages	Languages		Языки								
1	1	1		#efefef	system	System	Система			ywkph13b	required apps	Required apps android		Необходимые приложения android								
1	1	1		#efefef	system	System	Система			awkph14b	required apps ios	Required apps ios		Необходимые приложения ios								
1	1	1		#efefef	system	System	Система			awkph141	service and applications	Service and applications		Службы и приложения								
1	1	1		#efefef	system	System	Система	Производительность		q85w6qma	benchmark antutu 5	Benchmark Antutu 5		Benchmark antutu 5								
1	1	1		#efefef	system	System	Система	Производительность		q85w6qmq	benchmark antutu 6	Benchmark Antutu 6		Benchmark antutu 6								
1	1	1		#efefef	system	System	Система	Производительность		q85w6qm7	benchmark antutu 7	Benchmark Antutu 7		Benchmark antutu 7								
1	1	1		#efefef	system	System	Система	Производительность		a7xo6x6	basemark os	Basemark OS		Бенчмарк Basemark OS								
1	1	1		#efefef	system	System	Система	Производительность		a7xo1x6	basemark os	Basemark OS 2		Бенчмарк Basemark OS 2								
1	1	1		#efefef	system	System	Система	Производительность		a8xo6x6	basemark x	Basemark X		Бенчмарк Basemark X								
1	1	1		#efefef	system	System	Система			a4xo6x6	airDrop	AirDrop	AirDrop	AirDrop								
1	1	1		#efefef	system	System	Система			a4xo1x6	airPlay	AirPlay	AirPlay	AirPlay								
1	1	1		#efefef	system	System	Система			azxo1x6	faceTime	FaceTime	FaceTime	FaceTime								
1	1	1		#efefef	system	System	Система			azxo2x6	iBeacon	iBeacon	iBeacon	iBeacon								
1	1	1		#efefef	system	System	Система			azxo3x6	iCloud	iCloud	iCloud	iCloud								
1	1	1		#efefef	system	System	Система			azxo4x6	siri	Siri	Siri	Siri								
1	1	1		#efefef	system	System	Система			azxo4x7	screen mirroring	Screen mirroring	Siri	Screen Mirroring								
1	1	1		#efefef	system	System	Система			azxo4x8	changeable themes	Changeable themes	Siri	Изменяемые темы								
1	1	1		#efefef	system	System	Система			azxo4x9	airprint	AirPrint	Siri	AirPrint								
1	1	1		#efefef	system	System	Система			azxo410	spotlight.call	Spotlight call	Siri	Spotlight Звонки								
1	1	1		#efefef	system	System	Система			azxo411	mirrorlink	MirrorLink	Siri	MirrorLink								
1	1	1		#efefef	system	System	Система			azxo412	easy mode	Easy mode	Siri	Easy mode								
x	1	1		#efefef	system	System	Система			azxo413	samsung KNOX	Samsung KNOX	Siri	Samsung KNOX								
x	1	1		#efefef	system	System	Система			azxo414	ant+	ANT+	Siri	ANT+								
x	1	1		#efefef	system	System	Система			azxo415	dual/multi window	Dual/Multi window	Siri	 Режим разделения экрана								
x	1	1		#efefef	system	System	Система			azxo416	ultra power saving mode	Ultra power saving mode	Siri	Ultra power saving mode								
x	1	1		#efefef	system	System	Система			azxo417	turn on voice screen lock	Turn on voice screen lock	Siri	Turn on voice screen lock								
x	1	1		#efefef	system	System	Система			azxo418	single-hand use mode	Single-Hand use mode	Siri	Single-Hand режим								
x	1	1		#efefef	system	System	Система			azxo419	s pen	S Pen	Siri	S Pen								
x	1	1		#efefef	system	System	Система			azxo420	air command	Air command	Siri	Air Command								
x	1	1		#efefef	system	System	Система			azxo421	digital to analog converter	Digital to analog converter	Siri	Digital to analog converter								
x	1	1		#efefef	system	System	Система			azxo422	hidden mode	Hidden mode	Siri	Hidden mode								
x	1	1		#efefef	system	System	Система			azxo423	aop microphone	(AOP) Microphone	Siri	(AOP) Микрофон								
x	1	1		#efefef	system	System	Система			azxo424	hwa	HWA	Siri	HWA								
x	1	1		#efefef	system	System	Система			azxo425	voice command	Voice command	Siri	Voice command								
x	1	1		#efefef	system	System	Система			azxo426	virtual reality	Virtual reality	Siri	Virtual reality								
x	1	1		#efefef	system	System	Система			azxo427	ldac	LDAC	Siri	LDAC								
x	1	1		#efefef	system	System	Система	Безопасность	Security	rsub3l9c	fingerprint	Fingerprint		Отпечаток пальца								
x	1	1		#efefef	system	System	Система	Безопасность	Security	c4awfagk	face.id	Face ID		Face ID								
1	1	1		#fce5cd	wearing	Wearing	Ношение			mxt5u80	any	Anywhere		В любом месте								
1	1	1		#fce5cd	wearing	Wearing	Ношение			spywapr	wrist	Wrist		Запястье								
1	1	1		#fce5cd	wearing	Wearing	Ношение			ihjgnv4	neck	Neck		Шея								
1	1	1		#fce5cd	wearing	Wearing	Ношение			r2x9zah	chest	Chest		Грудь								
1	1	1		#fce5cd	wearing	Wearing	Ношение			g991don	pocket	Pocket		Карман								
1	1	1		#fce5cd	wearing	Wearing	Ношение			qjq0hxa	ears	Ears		Уши								
1	1	1		#fce5cd	wearing	Wearing	Ношение			zwbq081	arm	Arm		Рука								
1	1	1		#fce5cd	wearing	Wearing	Ношение			peqe0h9	waist	Waist		Талия								
1	1	1		#cadadd	camera	Camera	Камера	Камера основная	primary camera	lggn0m2	camera	Camera		Камера основная	MP	MP						
1	1	1		#cadadd	camera	Camera	Камера	Камера основная	primary camera	t9q0h7hd	video	Video		Видео								
1	1	1		#cadadd	camera	Camera	Камера	Фронтальная камера	front camera	06wzu4yz	camera2	Camera 2		Камера 2	MP	MP						
1	1	1		#cadadd	camera	Camera	Камера	Третья задняя камера	third rear camera	06wzu5yz	presence camera3	Presence camera 3		Наличие 3 задней камеры								
1	1	1		#cadadd	camera	Camera	Камера	Третья задняя камера	third rear camera	06wzu1yz	camera3	Camera 3		Камера 3								
1	1	1		#cadadd	camera	Camera	Камера	Третья задняя камера	third rear camera	06wz11yz	camera3 feat.	Camera 3 features		Камера 3: особенности								
1	1	1		#cadadd	camera	Camera	Камера	Фронтальня камера	front camera	8041luk6	video2	Video 2		Видео 2								
1	1	1		#cadadd	camera	Camera	Камера	Функции	functions	gn4gn6xk	autofocus	Autofocus		Автофокус								
1	1	1		#cadadd	camera	Camera	Камера	Функции	functions	gn4gn6x7	focal length	Focal length		Фокусное расстояне								
1	1	1		#cadadd	camera	Camera	Камера	Функции	functions	gn4gn6xz	panorama	Panorama		Панорамная съемка								
1	1	1		#cadadd	camera	Camera	Камера	Функции	functions	zrru3eek	camera_flash	Camera flash		Вспышка								
1	1	1		#cadadd	camera	Camera	Камера	Функции	functions	jefetfa2	led flash	LED flash		LED вспышка								
1	1	1		#cadadd	camera	Camera	Камера	Функции	functions	lggn0m3	aperture	Aperture		Апертура								
1	1	1		#cadadd	camera	Camera	Камера	Фронтальная камера	front camera	lggn0m7	front cam.aperture	Front camera aperture		Апертура передней камеры								
1	1	1		#cadadd	camera	Camera	Камера	Функции	functions	lggn0m4	optical zoom	Optical zoom		Оптический зум								
1	1	1		#cadadd	camera	Camera	Камера	Функции	functions	lggn066	optical image stabilizer	Optical image stabilizer		Оптический стабилизатор изображения								
1	1	1		#cadadd	camera	Camera	Камера	Функции	functions	lggn0m5	video fps value	Video fps value		Частота кадров для видео	fps	fps						
1	1	1		#cadadd	camera	Camera	Камера	Функции	functions	lggnaaa	cam.sensor size	Camera sensor size		Размер сенсора камеры								
1	1	1		#cadadd	camera	Camera	Камера	Фронтальная камера	front camera	lggnzaa	fr.cam.sensor size	Front camera sensor size		Размер сенсора передней камеры								
1	1	1		#cadadd	camera	Camera	Камера	Фронтальная камера	front camera	lggn0m6	front cam.fps value	Front camera fps value		Частота кадров для передней камеры	fps	fps						
1	1	1		#cadadd	camera	Camera	Камера	Функции	functions	lggn001	live photos	Live photos		Live фото								
1	1	1		#cadadd	camera	Camera	Камера	Функции	functions	lggn002	hdr	HDR		HDR								
1	1	1		#cadadd	camera	Camera	Камера	Функции	functions	lggn003	hybrid IR filter	Hybrid IR filter		Hybrid IR фильтр								
1	1	1		#cadadd	camera	Camera	Камера	Функции	functions	lggn004	cam.voice command	Camera voice command		Голосовое управление камерой								
1	1	1		#cadadd	camera	Camera	Камера	Функции	functions	lggn005	manual focus	Manual focus		Ручной фокус								
1	1	1		#cadadd	camera	Camera	Камера	Функции	functions	lggn006	geo-location tagging	Geo-location tagging		Географическое положение меток								
1	1	1		#cadadd	camera	Camera	Камера	Функции	functions	lggn007	bsi	BSI		Сенсоры BSI								
1	1	1		#cadadd	camera	Camera	Камера	Функции	functions	lggn008	dof	Depth of Field (DOF)		DOF								
1	1	1		#cadadd	camera	Camera	Камера	Функции	functions	lggn009	sapphire cryst.lens cap	Sapphire crystal lens cap		Сапфировое стекло крышки объектива								
1	1	1		#cadadd	camera	Camera	Камера	Функции	functions	lggn010	burst mode	Burst mode		Режим последовательной съемки								
1	1	1		#cadadd	camera	Camera	Камера	Функции	functions	lggn011	camera timer	Camera timer		Таймер для камеры								
1	1	1		#cadadd	camera	Camera	Камера	Функции	functions	lggn012	ois	OIS		OIS								
1	1	1		#cadadd	camera	Camera	Камера	Функции	functions	lggn013	time lapse video rec.	Time-lapse video recording		Time-lapse запись видео								
1	1	1		#cadadd	camera	Camera	Камера	Функции	functions	lggn014	video zoom	Video zoom		Видео зум								
1	1	1		#cadadd	camera	Camera	Камера	Функции	functions	lggn015	slow motion video rec.	Slow motion video recording		Slow motion видео запись								
1	1	1		#cadadd	camera	Camera	Камера	Функции	functions	lggn016	video rec.options	Video recording options		Параметры записи видео								
1	1	1		#cadadd	camera	Camera	Камера	Вторая задняя камера	second rear camera	lggn017	sec.rear camera	Second rear camera		Вторая задняя камера								
1	1	1		#cadadd	camera	Camera	Камера	Вторая задняя камера	second rear camera	lggn117	sec.rear camera res.	Second rear camera resolution		Разрешние второй задней камеры								
1	1	1		#cadadd	camera	Camera	Камера	Вторая задняя камера	second rear camera	lggn018	sec.rear camera diaphragm	Second rear camera diaphragm		Диафрагма второй задней камеры								
1	1	1		#cadadd	camera	Camera	Камера	Вторая задняя камера	second rear camera	lggn019	sec.rear camera ois	Second rear camera OIS		OIS второй задней камеры								
1	1	1		#cadadd	camera	Camera	Камера	Вторая задняя камера	second rear camera	lggn020	sec.rear camera zoom	Second rear camera zoom		Зум второй задней камеры								
1	1	1		#cadadd	camera	Camera	Камера	Функции	functions	lggn021	animoji	Animoji		Animoji								
1	1	1		#cadadd	camera	Camera	Камера	Фронтальная камера	front camera	lggn022	f.camera hdr	Front camera HDR		HDR фронтальная камера								
1	1	1		#cadadd	camera	Camera	Камера	Фронтальная камера	front camera	lggn023	f.camera continous mode	Front camera continuous shooting mode		Режим серийной съемки фронтальной камеры								
1	1	1		#cadadd	camera	Camera	Камера	Фронтальная камера	front camera	lggn024	f.camera bsi	Front camera BSI		Датчик с задней подсветкой (BSI)								
1	1	1		#cadadd	camera	Camera	Камера	Фронтальная камера	front camera	lggn025	f.cam.live photo	Front camera live photos		Live photos фронтальная камера								
1	1	1		#cadadd	camera	Camera	Камера	Фронтальная камера	front camera	lggn026	f.cam.portrait mode	Front camera portrait mode		Фронтальная камера портретный режим								
1	1	1		#cadadd	camera	Camera	Камера	Фронтальная камера	front camera	lggn027	f.cam.exposure control	Front camera exposure control		Контроль экспозиции фронтальной камеры								
1	1	1		#cadadd	camera	Camera	Камера	Фронтальная камера	front camera	lggn028	f.cam.timer	Front camera timer		Таймер фронтальной камеры								
1	1	1		#e3d4d4	multimedia	Multimedia	Мультимедиа	Звук	Sound	yh7xh3q	3.5mm.jack	Headphone input 3.5mm		Вход для наушников 3.5mm								
1	1	1		#e3d4d4	multimedia	Multimedia	Мультимедиа	Звук	Sound	yh7xh36	headphone input	Headphone input 		Вход для наушников								
1	1	1		#e3d4d4	multimedia	Multimedia	Мультимедиа	Звук	Sound	b9pp7xq	dictaphone	Dictaphone		Диктофон								
1	1	1		#e3d4d4	multimedia	Multimedia	Мультимедиа	Звук	Sound	yq2jcrll	microphone	Microphone		Микрофон								
1	1	1		#e3d4d4	multimedia	Multimedia	Мультимедиа	Звук	Sound	yq2jcrl2	stereo speaker	Stereo speaker		Стерео динамик								
1	1	1		#e3d4d4	multimedia	Multimedia	Мультимедиа	Звук	Sound	yh7xh38	hi-fi audio	Hi-fi audio		Hi-fi audio								
1	1	1		#e3d4d4	multimedia	Multimedia	Мультимедиа	Звук	Sound	yh7xh43	dirac hd sound	Dirac HD sound		Dirac HD sound								
1	1	1		#e3d4d4	multimedia	Multimedia	Мультимедиа			yq2jcrlw	microphone features	Microphone features		Особенности микрофона								
1	1	1		#e3d4d4	multimedia	Multimedia	Мультимедиа			qlsq9yh	audio	Play audio		Воспроизведение аудио								
1	1	1		#e3d4d4	multimedia	Multimedia	Мультимедиа			t1x5zo6	music	Music control		Управление музыкой								
1	1	1		#e3d4d4	multimedia	Multimedia	Мультимедиа			a7j5c0b	photo	Photo viewer		Просмотр фото								
1	1	1		#e3d4d4	multimedia	Multimedia	Мультимедиа			ja7w3sb	video	Play video		Воспроизведение видео								
1	1	1		#e3d4d4	multimedia	Multimedia	Мультимедиа			64uuts8	java	Java		Java								
1	1	1		#e3d4d4	multimedia	Multimedia	Мультимедиа			fdfoul1	browser	Browser		Browser								
1	1	1		#e3d4d4	multimedia	Multimedia	Мультимедиа			3t8uo9z6	noise	Noise		Шум								
1	1	1		#e3d4d4	multimedia	Multimedia	Мультимедиа			m93am75k	crosstalk	Crosstalk		Перекрестные помехи								
1	1	1		#e3d4d4	multimedia	Multimedia	Мультимедиа	Работа с документами	Work with documents	yq2jcrl9	document viewer	Document viewer		Просмотр документов								
1	1	1		#e3d4d4	multimedia	Multimedia	Мультимедиа	Работа с документами	Work with documents	yq2jcr10	document editor	Document editor		Редактир документов								
1	1	1		#e3d4d4	multimedia	Multimedia	Мультимедиа			8l2ljo2	loudspeaker	Loudspeaker		Громкий динамик								
1	1	1		#e3d4d4	multimedia	Multimedia	Мультимедиа	Спикер		yh7xh39	loudspeaker voice	Loudspeaker: voice		Loudspeaker: voice								
1	1	1		#e3d4d4	multimedia	Multimedia	Мультимедиа	Спикер		yh7xh40	loudspeaker noise	Loudspeaker: noise		Loudspeaker: noise								
1	1	1		#e3d4d4	multimedia	Multimedia	Мультимедиа	Спикер		yh7xh41	loudspeaker ring	Loudspeaker: ring		Loudspeaker: ring								
1	1	1		#e3d4d4	multimedia	Multimedia	Мультимедиа	Спикер		yh7xh42	loudspeaker thx	Loudspeaker: THX sound		Loudspeaker: THX sound								
1	1			#e3d4d4	multimedia	Multimedia	Мультимедиа	Кодеки	Codecs	f7lsmmw9	mp3	MP3		MP3								
1	1			#e3d4d4	multimedia	Multimedia	Мультимедиа	Кодеки	Codecs	x055z520	mp4	MP4		MP4								
1	1			#e3d4d4	multimedia	Multimedia	Мультимедиа	Кодеки	Codecs	8j6be1ko	divx	DIVX		DIVX								
1	1			#e3d4d4	multimedia	Multimedia	Мультимедиа	Кодеки	Codecs	xc4bb9kc	xvid	XVID		XVID								
1	1			#e3d4d4	multimedia	Multimedia	Мультимедиа	Кодеки	Codecs	crrbpcar	h.265	H.265		H.265								
1	1			#e3d4d4	multimedia	Multimedia	Мультимедиа	Кодеки	Codecs	crrbpca1	h.264	H.264		H.264								
1	1			#e3d4d4	multimedia	Multimedia	Мультимедиа	Кодеки	Codecs	xd942mit	wmv	WMV		WMV								
1	1			#e3d4d4	multimedia	Multimedia	Мультимедиа	Кодеки	Codecs	am1zgml8	wav	WAV		WAV								
1	1			#e3d4d4	multimedia	Multimedia	Мультимедиа	Кодеки	Codecs	t1inmosa	flac	FLAC		FLAC								
1	1			#e3d4d4	multimedia	Multimedia	Мультимедиа	Кодеки	Codecs	lnk8dr8h	eAAc	eAAc		eAAc								
1	1			#e3d4d4	multimedia	Multimedia	Мультимедиа	Кодеки	Codecs	7zq7neoh	wma	WMA		WMA								
1	1			#e3d4d4	multimedia	Multimedia	Мультимедиа	Кодеки	Codecs	tfuq45ng	aax	AAX		AAX								
1	1			#e3d4d4	multimedia	Multimedia	Мультимедиа	Кодеки	Codecs	f3n8nqp4	aiff	AIFF		AIFF								
1	1			#e3d4d4	multimedia	Multimedia	Мультимедиа	Кодеки	Codecs	f3n8nqp5	awb	AWB		AWB								
1	1			#e3d4d4	multimedia	Multimedia	Мультимедиа	Кодеки	Codecs	f3n8nqp6	dff	DFF		DFF								
1	1			#e3d4d4	multimedia	Multimedia	Мультимедиа	Кодеки	Codecs	f3n8nqp7	imy	IMY		IMY								
1	1			#e3d4d4	multimedia	Multimedia	Мультимедиа	Кодеки	Codecs	f3n8nqp8	rtx	RTX		RTX								
1	1			#e3d4d4	multimedia	Multimedia	Мультимедиа	Кодеки	Codecs	f3n8nqp9	oga	OGA		OGA								
1	1			#e3d4d4	multimedia	Multimedia	Мультимедиа	Кодеки	Codecs	f3n8nq10	mxmf	MXMF		MXMF								
1	1			#e3d4d4	multimedia	Multimedia	Мультимедиа	Кодеки	Codecs	f3n8nq11	ota	OTA		OTA								
1	1			#e3d4d4	multimedia	Multimedia	Мультимедиа	Кодеки	Codecs	f3n8nq12	rtttl	RTTTL		RTTTL								
1	1			#e3d4d4	multimedia	Multimedia	Мультимедиа	Кодеки	Codecs	f3n8nq13	amr	AMR		AMR								
1	1			#e3d4d4	multimedia	Multimedia	Мультимедиа	Кодеки	Codecs	f3n8nq14	ape	APE		APE								
1	1			#e3d4d4	multimedia	Multimedia	Мультимедиа	Кодеки	Codecs	f3n8nq15	dsg	DSF		DSF								
1	1			#e3d4d4	multimedia	Multimedia	Мультимедиа	Кодеки	Codecs	f3n8nq16	ogg	OGG		OGG								
1	1			#e3d4d4	multimedia	Multimedia	Мультимедиа	Кодеки	Codecs	f3n8nq17	asf	ASF		ASF								
1	1			#e3d4d4	multimedia	Multimedia	Мультимедиа	Кодеки	Codecs	f3n8nq18	flv	FLV		FLV								
1	1			#e3d4d4	multimedia	Multimedia	Мультимедиа	Кодеки	Codecs	f3n8nq19	m4v	M4V		M4V								
1	1			#e3d4d4	multimedia	Multimedia	Мультимедиа	Кодеки	Codecs	f3n8nq20	webm	WEBM		WEBM								
1	1			#e3d4d4	multimedia	Multimedia	Мультимедиа	Кодеки	Codecs	f3n8nq21	3g2	3G2		3G2								
1	1			#e3d4d4	multimedia	Multimedia	Мультимедиа	Кодеки	Codecs	f3n8nq22	3gp	3GP		3G2								
1	1			#e3d4d4	multimedia	Multimedia	Мультимедиа	Кодеки	Codecs	f3n8nq23	pcm	PCM		PCM								
1	1			#e3d4d4	multimedia	Multimedia	Мультимедиа	Кодеки	Codecs	f3n8nq24	vp8	VP8		VP8								
1	1			#e3d4d4	multimedia	Multimedia	Мультимедиа	Кодеки	Codecs	f3n8nq25	vp9	VP9		VP9								
1	1			#e3d4d4	multimedia	Multimedia	Мультимедиа	Кодеки	Codecs	f3n8nq26	opus	OPUS		OPUS								
1	1			#e3d4d4	multimedia	Multimedia	Мультимедиа	Кодеки	Codecs	f3n8nq28	vorbis	Vorbis		Vorbis								
1	1			#e3d4d4	multimedia	Multimedia	Мультимедиа	Кодеки	Codecs	f3n8nq29	3ga	3GA		3GA								
1	1	1		#d0e0e3	feature	Features	Функции			qfkph10b	clock	Clock		Часы								
1	1	1		#d0e0e3	feature	Features	Функции			rd3kh2w	find.phone	Find my phone		Поиск телефона								
1	1	1		#d0e0e3	feature	Features	Функции			f69tb7v	unlock	Unlock identity		Идентификатор для разблокировки								
1	1	1		#d0e0e3	feature	Features	Функции			2exqey7	find.itself	Find my device		Поиск устройства								
1	1	1		#d0e0e3	feature	Features	Функции			q8qmknk	camera.control	Camera shoot control		Управление камерой								
1	1	1		#d0e0e3	feature	Features	Функции			4oy2fmz	sm.alarm	Smart alarm		Умный будильник								
1	1	1		#d0e0e3	feature	Features	Функции			iw93r5f8	alarm	Alarm		Будильник								
1	1	1		#d0e0e3	feature	Features	Функции			19xflic	si.alarm	Silence alarm		Тихий будильник								
1	1	1		#d0e0e3	feature	Features	Функции			75qbtsy	call.initial	Call initialization		Инициализация вызова								
1	1	1		#d0e0e3	feature	Features	Функции			2q53kqi	read.sms	Read SMS		Чтение СМС								
1	1	1		#d0e0e3	feature	Features	Функции			aq2fyq5	emails	Read Email		Чтение Email								
1	1	1		#d0e0e3	feature	Features	Функции			pj29fyr	im	IM		Мгновенные сообщения								
1	1	1		#d0e0e3	feature	Features	Функции			hpfw2wc	turn.off	Ability to turn off		Можно выключить								
1	1	1		#d0e0e3	feature	Features	Функции			f2ido7u	rotate.on	Rotate to switch		Поворот для включения	%	%						
1	1	1		#d0e0e3	feature	Features	Функции			gny9uz9	stopwatch	Stopwatch		Секундомер								
1	1	1		#d0e0e3	feature	Features	Функции			1rez7re	timer	Timer		Таймер								
1	1	1		#d0e0e3	feature	Features	Функции			c534jxf	voice	Voice control		Голосовое управление								
1	1	1		#d0e0e3	feature	Features	Функции			8g970j37	sos	SOS		SOS								
1	1	1		#d0e0e3	feature	Features	Функции			19xfliw	reminder	Reminder		Напоминание								
1	1	1		#d0e0e3	feature	Features	Функции			19xfli1	ok google	Ok Google		Ок google								
1	1	1		#d0e0e3	feature	Features	Функции			19xfli2	world time	World time		Мировое время								
1	1	1		#d0e0e3	feature	Features	Функции			19xfli4	passbook	Passbook		Passbook								
1	1	1		#d0e0e3	fitness	Fitness	Фитнес			nh7sleo	hr.dynamic	Dynamic heart rate		Динамический сердечный ритм								
1	1	1		#d0e0e3	fitness	Fitness	Фитнес			pvce5e2	tranning	Training mode		Режим тренировки								
1	1	1		#d0e0e3	fitness	Fitness	Фитнес			vubpb9d	to.move	Reminder to move		Напоминания об активности								
1	1	1		#d0e0e3	fitness	Fitness	Фитнес			v5yj54a	breathing	Guided breathing sessions		Дыхательные сеансы								
1	1	1		#d0e0e3	fitness	Fitness	Фитнес			bjlwf02	calories	Calorie consumption		Расход калорий								
1	1	1		#d0e0e3	fitness	Fitness	Фитнес			t3l89qq	distance	Distance covered		Пройденное расстояние								
1	1	1		#d0e0e3	fitness	Fitness	Фитнес			1i8kxut	active.minutes	Active minutes		Активные минуты				Active Minutes with strenuous activity				Active Minutes with strenuous activity
1	1	1		#d6f1f4	log	Log	Дневник			hvvjrls	food	Food log		Журнал питания								
1	1	1		#d6f1f4	log	Log	Дневник			kcjqu5x	water	Water log		Журнал воды								
1	1	1		#d6f1f4	log	Log	Дневник			xdw2oaf	weight	Weight log		Журнал веса								
1	1	1		#d6f1f4	log	Log	Дневник			15nq5ws	scan.barcode	Scan barcode		Сканирование баркодов								
1	1	1		#d0e0e3	app.feature	Applicatio feature	Фитнес			cj2b5mg	add.friend	Add friend		Добавление друга								
1	1	1		#d0e0e3	app.feature	Applicatio feature	Фитнес			aducxlc	share	Share results		Поделиться результатами								
1	1	1		#d9ead3	sport	Sport	Спорт			9haky35	run	Runing		Бег								
1	1	1		#d9ead3	sport	Sport	Спорт			npym2s0	workout	Workout		Разминка								
1	1	1		#d9ead3	sport	Sport	Спорт			kewt1bc	treadmill	Treadmill		Беговая дорожка								
1	1	1		#d9ead3	sport	Sport	Спорт			1cpqpev	walk	Walking		Ходьба								
1	1	1		#d9ead3	sport	Sport	Спорт			80x21gr	weights	Weight training		Силовые тренировки								
1	1	1		#d9ead3	sport	Sport	Спорт			xpff407	cycling	Cycling		Езда на велосипеде								
1	1	1		#d9ead3	sport	Sport	Спорт			m6y7ses	soccer	Soccer		Футбол								
1	1	1		#d9ead3	sport	Sport	Спорт			hhgpyqm	cricket	Cricket		Крикет								
1	1	1		#d9ead3	sport	Sport	Спорт			q6ii9zm	tennis	Tennis		Большой теннис								
1	1	1		#d9ead3	sport	Sport	Спорт			ym9c000	volleyball	Volleyball		Волейбол								
1	1	1		#d9ead3	sport	Sport	Спорт			v5pu4ro	t.tennis	Table tennis		Настольный теннис								
1	1	1		#d9ead3	sport	Sport	Спорт			dlvk3ty	f.hockey	Field hockey		Хоккей на траве								
1	1	1		#d9ead3	sport	Sport	Спорт			xsbt44z	baseball	Baseball		Бейсбол								
1	1	1		#d9ead3	sport	Sport	Спорт			2wb37pk	golf	Golf		Гольф								
1	1	1		#d9ead3	sport	Sport	Спорт			zgsn7w3	a.football	American football		Американский футбол								
1	1	1		#d9ead3	sport	Sport	Спорт			hj9i5sw	basketball	Basketball		Баскетбол								
1	1	1		#d9ead3	sport	Sport	Спорт			v13161t	badminton	Badminton		Бадминтон								
1	1	1		#d9ead3	sport	Sport	Спорт			rh91wnk	rugby	Rugby		Регби								
1	1	1		#d9ead3	sport	Sport	Спорт			f07rvk2	box	Box		Бокс								
1	1	1		#d9ead3	sport	Sport	Спорт			u9q7bep	i.hockey	Ice Hockey		Хоккей								
1	1	1		#d9ead3	sport	Sport	Спорт			7ue2z84	swimming 	Swimming 		Плавание								
1	1	1		#d9ead3	sport	Sport	Спорт			gsa0073	snooker 	Snooker 		Бильярд								
1	1	1		#d9ead3	sport	Sport	Спорт			lbh0dvr	elliptical 	Elliptical		Эллиптические упражнения								
1	1	1		#d9ead3	sport	Sport	Спорт			mr67q3e	rope	Skipping rope		Скакалка								
1	1	1		#d9ead3	sport	Sport	Спорт			n3yafqk	skating	Ice skating		Коньки								
1	1	1		#d9ead3	sport	Sport	Спорт			w96s8pr	bowling	Bowling		Боулинг								
1	1	1		#d9ead3	sport	Sport	Спорт			581d8u2	ski	Ski		Лыжи								
1	1	1		#d9ead3	sport	Sport	Спорт			ncdsgv5	dancing	Dancing		Танцы								
1	1	1		#d9ead3	sport	Sport	Спорт			lk65iq6	yoga	Yoga		Йога								
1	1	1		#d9ead3	sport	Sport	Спорт			ry3lmsa	aerobics	Aerobics		Аэробика								
1	1	1		#d9ead3	sport	Sport	Спорт			02qii5h	plank	Plank		Планка								
1	1	1		#d9ead3	sport	Sport	Спорт			4vrgnih	mountain	Mountaineering		Альпинизм								
1	1	1		#d9ead3	sport	Sport	Спорт			sicux2c	climbing	Rock climbing		Скалолазание								
1	1	1		#d9ead3	sport	Sport	Спорт			zrxr18ut	rowing	Rowing machine		Гребной тренажер								
1	1	1		#d9ead3	sport	Sport	Спорт			zrxr18u1	jumps	Jumps		Прыжки								
1	1	1		#d9ead3	sport	Sport	Спорт			zrxr18ut	rowing	Rowing machine		Гребной тренажер								
1	1	1		#d9ead3	sport	Sport	Спорт			zrxr18u3	virt. exercise partner	Virtual exercise partner		Виртуальный спарринг-партнер								
1	1	1		#d9ead3	sport	Sport	Спорт			zrxr18u4	snowboarding	Snowboarding		Сноуборд								
1	1	1		#e8ead1	integration	Integration	Интеграция			af8qazx	compatible	Compatible apps		Совместимые приложения								
1	1	1		#e8ead1	integration	Integration	Интеграция			z8qs5ip	g.fit	Google Fit		Google Fit								
1	1	1		#e8ead1	integration	Integration	Интеграция			03q1rg3	f.pal	MyFitnessPal		MyFitnessPal								
1	1	1		#e8ead1	integration	Integration	Интеграция			96upajl	jawbone	UP by Jawbone		UP by Jawbone								
1	1	1		#ecfffb	communication	Communication	Связь	SIM карта	SIM Card	mdmfh57	sim	SIM		SIM								
1	1	1		#ecfffb	communication	Communication	Связь	SIM карта	SIM Card	lawrulap	micro-sim	Micro-SIM		Micro-SIM								
1	1	1		#ecfffb	communication	Communication	Связь	SIM карта	SIM Card	8q7wrlul	nano-sim	Nano-SIM		Nano-SIM								
1	1	1		#ecfffb	communication	Communication	Связь	SIM карта	SIM Card	0q3ucnsi	dual-stand-by	Dual SIM Stand-By		Dual SIM Stand-By								
1	1	1		#ecfffb	communication	Communication	Интерфейсы	SIM карта	SIM Card	9ee4vid	uicc	UICC		UICC				Universal Integrated Circuit Cards				
1	1	1		#ecfffb	communication	Communication	Связь	Сотовая связь	Cellular network	0q3ucns1	line number	Line number		Кол-во линий 								
1	1	1		#ecfffb	communication	Communication	Связь	Сотовая связь	Cellular network	6me3pwq	gsm	GSM		GSM								
1	1	1		#ecfffb	communication	Communication	Связь	Сотовая связь	Cellular network	de60w8u	gprs	GPRS		GPRS								
1	1	1		#ecfffb	communication	Communication	Связь	Сотовая связь	Cellular network	o3kmrtz	edge	EDGE		EDGE								
1	1	1		#ecfffb	communication	Communication	Связь	Сотовая связь	Cellular network	es77mka	2g	2G		2G								
1	1	1		#ecfffb	communication	Communication	Связь	Сотовая связь	Cellular network	lfy3yhr	3g	3G		3G								
1	1	1		#ecfffb	communication	Communication	Связь	Сотовая связь	Cellular network	p4zld7l	3g download	3G download speed	Bluetooth	Скорость скачивания 3g	Mbps	Mbps						
1	1	1		#ecfffb	communication	Communication	Связь	Сотовая связь	Cellular network	p4zld8l	3g upload	3G upload speed	Bluetooth	Скорость загрузки 3g	Mbps	Mbps						
1	1	1		#ecfffb	communication	Communication	Связь	Сотовая связь	Cellular network	p4zld1lk	3g.video.call	3G Video call		3g Видео звонок								
1	1	1		#ecfffb	communication	Communication	Связь	Сотовая связь	Cellular network	w77yz4j	4g	4G		4G								
1	1	1		#ecfffb	communication	Communication	Связь	Сотовая связь	Cellular network	p4zld9l	4g download	4G download speed	Bluetooth	Скорость скачивания 4g	Mbps	Mbps						
1	1	1		#ecfffb	communication	Communication	Связь	Сотовая связь	Cellular network	p4zld10l	4g upload	4G upload speed	Bluetooth	Скорость загрузки 4g	Mbps	Mbps						
1	1	1		#ecfffb	communication	Communication	Связь	Сотовая связь	Cellular network	p4zld10lw	voLTE	voLTE	Bluetooth	voLTE				4G voice LTE support				
1	1	1		#ecfffb	communication	Communication	Связь	Сотовая связь	Cellular network	p4zld1l1	4.5g	4.5G	Bluetooth	4.5G								
1	1	1		#ecfffb	communication	Communication	Связь	Сотовая связь	Cellular network	k6ddojx	lte	LTE		LTE								
1	1	1		#ecfffb	communication	Communication	Связь	Сотовая связь	Cellular network	p2tqrwex	lte speed	LTE speed		LTE speed								
1	1	1		#ecfffb	communication	Communication	Связь			uointeq3	hspa speed	HSPA speed		HSPA speed								
1	1	1		#ecfffb	communication	Communication	Связь			uointeq4	hspa	HSPA		HSPA								
1	1	1		#ecfffb	communication	Communication	Связь			2pinrc1	hands free mode	Hands free mode		Hands free mode								
1	1	1		#ecfffb	communication	Communication	Связь			p4zld1lq	video.conversation	Video conversation		Видео вызов								
1	1	1		#ecfffb	communication	Communication	Интерфейсы			2pinrcz	handset	Handset		Phone								
1	1	1		#ecfffb	communication	Communication	Интерфейсы	Bluetooth		p4zld5l	bluetooth	Version	Bluetooth	Версия								
1	1	1		#ecfffb	communication	Communication	Связь	Bluetooth		yh7xh59	a2dp	A2DP		A2DP								
1	1	1		#ecfffb	communication	Communication	Связь	Bluetooth		yh7xh60	aptX	AptX		AptX								
1	1	1		#ecfffb	communication	Communication	Интерфейсы	Bluetooth		8q7wrluz	low energy	LE		LE								
1	1	1		#ecfffb	communication	Communication	Интерфейсы	Bluetooth		p4zld51	hid	HID	Bluetooth	HID								
1	1	1		#ecfffb	communication	Communication	Интерфейсы	Wi-Fi		2pinrcv	wifi	Wi-Fi		Wi-Fi								
1	1	1		#ecfffb	communication	Communication	Интерфейсы	Wi-Fi		p4zld1l5	mimo	MIMO	Bluetooth	MIMO								
1	1	1		#ecfffb	communication	Communication	Интерфейсы	Wi-Fi		p4zld1l2	dual-band 	Dual-Band 		Dual-Band 								
1	1	1		#ecfffb	communication	Communication	Интерфейсы	Wi-Fi		p4zld1l3	hotspot	Hotspot		Hotspot								
1	1	1		#ecfffb	communication	Communication	Интерфейсы	Wi-Fi		p4zld1l4	miracast	MiraCast		MiraCast								
1	1	1		#ecfffb	communication	Communication	Интерфейсы	Wi-Fi		p4zld1l6	wi-fi direct	Wi-Fi Direct		Wi-Fi Direct								
1	1	1		#ecfffb	communication	Communication	Интерфейсы	Wi-Fi		p4zld1l8	VoWiFi	VoWiFi		VoWiFi								
1	1	1		#ecfffb	communication	Communication	Интерфейсы	Wi-Fi		p4zld1l9	ht80	HT80		HT80								
1	1	1		#ecfffb	communication	Communication	Интерфейсы	Wi-Fi		p4zld111	vht80	VHT80		VHT80								
1	1	1		#ecfffb	communication	Communication	Интерфейсы	Wi-Fi		p4zld120	1024qam	1024QAM		1024QAM								
1	1	1		#ecfffb	communication	Communication	Интерфейсы	Wi-Fi		9ee4viz	eSE	Embedded secure element (eSE)		Embedded secure element (eSE)								
1	1	1		#ecfffb	communication	Communication	Интерфейсы	Подключение		9ee4viy	nfc	NFC		NFC								
1	1	1		#ecfffb	communication	Communication	Интерфейсы	Подключение		wnqjx4j9	samsung.pay	Samsung pay		Samsung Pay								
1	1	1		#ecfffb	communication	Communication	Интерфейсы	Подключение		tix99ot	fm radio	FM Radio		FM Радио								
1	1	1		#ecfffb	communication	Communication	Интерфейсы	Подключение		hwst1n7	infrared	Infrared port		Инфракрасный порт								
1	1	1		#ecfffb	communication	Communication	Связь	Подключение		p4zld1l7	rds	RDS		RDS				Radio data system			Это тип передачи текстовой информации (название радио, какой трек проигрывается и т. д.)	
1	1	1		#ecfffb	communication	Communication	Интерфейсы	USB		2q8o92fk	usb	USB		USB								
1	1	1		#ecfffb	communication	Communication	Интерфейсы	USB		p7s2uenu	usb 3	USB 3.0		USB 3.0								
1	1	1		#ecfffb	communication	Communication	Интерфейсы	USB		0arcae64	usb 2	USB 2.0		USB 2.0								
1	1	1		#ecfffb	communication	Communication	Интерфейсы	USB		rmjj6m5t	usb type-c	USB type-c		USB type-c								
1	1	1		#ecfffb	communication	Communication	Интерфейсы	USB		rmjj6m56	display port support	Display port support		Поддержка display port								
1	1	1		#ecfffb	communication	Communication	Интерфейсы	USB		rmjj6m57	display port params	Display port params		Поддержка display port								
1	1	1		#ecfffb	communication	Communication	Интерфейсы	USB		p85t8s8z	microUSB	MicroUSB		microUSB								
1	1	1		#ecfffb	communication	Communication	Интерфейсы	USB		9qsw0l7d	otg	OTG		OTG								
1	1	1		#efefef	contents	Contents	Комплектация			v464xz6	manual	Manuals		Инструкция								
1	1	1		#efefef	contents	Contents	Комплектация			1uacljh	cable	USB cable		USB Кабель								
1	1	1		#efefef	contents	Contents	Комплектация			h1btbtw	charger	Charger		Зарядка								
1	1	1		#efefef	contents	Contents	Комплектация			h2bybiw	case	Case		Чехол								
1	1	1		#efefef	contents	Contents	Комплектация			2uecljhv	headphones	Headphones		Наушники								
1	1	1		#efefef	contents	Contents	Комплектация			yq2jcrlz	headphone.model	Headphone модель		Наушники модель								
1	1	1		#efefef	contents	Contents	Комплектация			4yetljhv	sim.clip	SIM card clip		Скрепка SIM-карты								
1	1	1		#efefef	contents	Contents	Комплектация			ybiwt2b	otg.adapter	OTG-adapter		OTG-переходник								
1	1	1		#efefef	contents	Contents	Комплектация			1uaclrt	usbc.to.microUSB	Adapter USB type C to microUSB		Переходник USB Type C на microUSB								
1	1	1		#cadadd						5cp2ol9j	sar head	SAR head		SAR head	W/kg (10g)	W/kg (10g)					Звонки с телефона рядом с ухом	
1	1	1		#cadadd						owpcmmmy	sar body	SAR body		SAR body	W/kg (10g)	W/kg (10g)					Ношение в кармане на уровне бедра	
1	1	1		#cadadd						psbzu2e9	sar eu head	SAR EU head		SAR EU head	W/kg (10g)	W/kg (10g)					Европейский стандарт	
1	1	1		#cadadd						uuapl9gw	sar eu body	SAR EU body		SAR EU body	W/kg (10g)	W/kg (10g)						
			tests	#d0e0e3	polysomnography	Sleep tracking	Качество сна			nxkpz9i	sensitivity.wake	Registering awakenings		Регистрация пробуждений	min.	мин.		Точность регистрации пробуждений				
			tests	#d0e0e3	polysomnography	Sleep tracking	Качество сна			0e51ra4	sensitivity.sleep	Mean error of falling asleep		Средняя погрешность засыпания	min.	мин.		Среднее отклонение времени засыпания				
			tests	#d0e0e3	polysomnography	Sleep tracking	Качество сна			myof5la	auto.sleep	Automatic sleep recording		Автоматическая регистрация сна	%	%						
			tests	#d0e0e3	polysomnography	Sleep tracking	Качество сна			eqrqg7y	check.removal	Recognition of the removal of a bracelet		Распознование снятия браслета	%	%						
			tests	#d0e0e3	polysomnography	Sleep tracking	Качество сна			pjthco2	err.sleep.rem	Recognition of REM sleep		Распознование REM сна	%	%						
			tests	#d0e0e3	polysomnography	Sleep tracking	Качество сна			pjthco3	sleep monitor	Sleep monitor		Монитр сна								
			tests	#efdddb	pulsometer	Pulsometer	Пульсометр			nx6ywkn	pul.type	Type of heart rate monitor		Тип датчика пульса				фотоплетизмограф плетизмограф				
			tests	#efdddb	pulsometer	Pulsometer	Пульсометр			codlvtm	hr.brand	Sensor brand		Производитель								
			tests	#efdddb	pulsometer	Pulsometer	Пульсометр			ihybfc2	pul.err.minor	Minor errors		Незначительные ошибки	%	%						
			tests	#efdddb	pulsometer	Pulsometer	Пульсометр			x44zuj7	pul.err.major	Major errors		Значительные ошибки	%	%						
			tests	#efdddb	pulsometer	Pulsometer	Пульсометр			8ngr47n	pul.err.critical	Critical errors		Критические ошибки	%	%						
			tests	#efdddb	pulsometer	Pulsometer	Пульсометр			nk1mn8j	pul.err.initial	Initial errors		Ошибки при надевании	%	%		Процент ошибок превышающих 10 при первых секундах измерения после надевания браслета				
			tests	#efdddb	pulsometer	Pulsometer	Пульсометр			kkyg34d	pul.removal.check	Recognition of removal		Распознование снятия 	%	%		0 = датчик продолжает менять значения				
			tests	#efdddb	pulsometer	Pulsometer	Пульсометр			2xxtdz6	pul.removal.time	Instant recognition removal		Мгновенное распознавание снятия	%	%		0 = датчик застывает на последнем значении				
			tests	#efdddb	pulsometer	Pulsometer	Пульсометр			sytaq6h	pul.err.max	Maximum error		Максимальная погрешность								
			tests	#efefef	pedometer	Pedometer	Шагомер			guoawdo	1x.step	Recognition of small steps		Распознование мелких шагов	%	%		Распознавание мелкого шага. Длина шага 34 см. Запястье прилегает к груди испытуемого. Рост испытуемых 170-180 см. Количество шагов не менее 500. Средняя скорость шага 0.4-0.5 секунд.				
			tests	#efefef	pedometer	Pedometer	Шагомер			36t0m10	2x.step	Recognition of major steps		Распознование крупных шагов	%	%		Распознавание крупного шага. Длина шага 68 см. Средняя скорость шага 0.45-0.55 секунд. Запястье прилегает к груди испытуемого. Рост испытуемых 170-180 см. Количество шагов не менее 500. 				
			tests	#efefef	pedometer	Pedometer	Шагомер			q6i5igb	1x.run	Recognition of small runs		Распознование мелкого бега	%	%		Распознавание бега 1. Длина шага 34 см. Средняя скорость шага 0.4-0.5 секунд. Запястье прилегает к груди испытуемого. Рост испытуемых 170-180 см. Количество шагов не менее 500. 				
			tests	#efefef	pedometer	Pedometer	Шагомер			nfexpuj	1x.run	Recognition of a large run		Распознование крупного бега	%	%		Распознавание бега 2. Длина шага 68 см. Средняя скорость шага 0.45-0.55 секунд. Запястье прилегает к груди испытуемого. Рост испытуемых 170-180 см. Количество шагов не менее 500.				
			tests	#efefef	pedometer	Pedometer	Шагомер			l7x0j9m	hands.up	Filtration of lifting hands up		Фильтрация поднимания рук вверх	%	%		Точность распознания движения рук вверх из состояния вися ладонями внутрь через стороны, до вертикального положения ладонями внутрь. Рост испытуемого 180 см. Количество повторений не менее 100 с разной скоростью.				
			tests	#efefef	pedometer	Pedometer	Шагомер			dpaqdtz	hands.fw	Filtration of lifting hands forward		Фильтрация поднимания рук вперёд	%	%		Точность распознания движения рук вперёд из состояния вися ладонями внутрь до горизонтального положения ладонями вниз. Рост испытуемого 180 см. Количество повторений не менее 100 с разной скоростью.				
			tests	#efefef	pedometer	Pedometer	Шагомер			ol23hu6	wheel	Steering wheel rotation filtration		Фильтрация вращение руля	%	%		Точность распознавания вращения автомобильного руля при различной скорости. Число повторений не менее 200				
				#efefef	general	General	Основное			related	related	Related	Model	Похожие товары					iPhone X, Mi Band 2			
				#efefef	general	General	Основное			family	family	Family	Model	Модификации					iPhone X, Mi Band 2			